iso3,country,gain_score,vulnerability,wri_score,exposure,susceptibility,lack_coping,lack_adaptation,sp_coverage_rate,sp_year,gdp_per_capita,poverty_ratio,unemployment_rate,life_expectancy,health_exp_gdp,gini,bottom40_share,bottom20_share,top20_share,top10_share,palma_ratio,income_group,region_un,region_wb,mean_income_usd,adaptive_sp_score,has_trigger,has_registry,log_gdp,physical_exposure,gdp_inverted,socio_vulnerability,CLVI,sp_score,protection_gap,CLVI_0.6_0.4,CLVI_0.4_0.6,CLVI_0.7_0.3
AFG,Afghanistan,33.1928941853536,66.8071058146464,4.02,0.25,56.02,78.19,61.52,7.5,2019.0,413.757894705303,,13.351,66.035,14.9857626,31.0,22.0,9.0,40.0,,,Low income,Asia,South Asia,,,,,6.0252810073679735,0.6329155742262431,0.9993247212888333,0.3406418975237816,0.48677873587501236,0.075,0.41177873587501235,0.5160061035452586,0.45755136820476616,0.5452334712155046
ALB,Albania,52.1256791107681,47.8743208892319,6.23,2.29,11.51,11.28,37.51,78.1,2021.0,11377.7757431099,0.3,10.926,79.602,7.05240345,28.96,22.02,8.85,37.82,22.93,1.04,Upper middle income,Europe,Europe and Central Asia,,,,,9.339417235423078,0.19702286409636363,0.9612263776706956,0.2896441788031817,0.24333352144977266,0.7809999999999999,-0.5376664785502272,0.23407138997909085,0.2525956529204545,0.22480925850840905
DZA,Algeria,48.9155061749796,51.0844938250204,9.52,2.62,18.06,49.69,46.2,60.2,2021.0,5752.99076651465,0.0,11.633,76.261,4.35082531,27.62,23.02,9.36,37.22,22.86,0.99,Upper middle income,Africa,Middle East and North Africa,,,,,8.65747513187585,0.36969797673168514,0.9807716751865736,0.28383481837225943,0.3267663975519723,0.6020000000000001,-0.2752336024480278,0.33535271338791484,0.31818008171602974,0.34393902922385744
AND,Andorra,,,0.22,0.02,2.68,1.73,2.86,,,49303.6491674336,,,84.041,7.69928026,27.96,23.1,9.7,37.9,23.0,1.0,High income,Europe,Europe and Central Asia,,,,,10.805753376914865,0.003798088703749081,0.8294395657814634,0.2563038573187214,0.13005097301123525,0.413,-0.28294902698876473,0.10480039614973802,0.15530154987273245,0.07954981928824077
AGO,Angola,38.3079378698932,61.6920621301068,11.04,2.37,33.47,58.21,69.87,8.7,2022.0,2665.87444776753,39.3,14.108,64.617,2.54692864,55.0,10.0,3.0,59.0,32.31,2.15,Lower middle income,Africa,Sub-Saharan Africa,,,,,7.888287405769062,0.5329128592795849,0.9914989487031798,0.6075247491295057,0.5702188042045453,0.087,0.4832188042045453,0.5627576152195533,0.5776799931895373,0.5552964262345611
ATG,Antigua and Barbuda,49.0458403757996,50.9541596242004,3.51,1.2,5.46,5.16,38.31,,,23542.4526945578,,,77.598,3.91348195,,,,,,,,,,,,,,10.066560568018614,0.15624915359866698,0.9189559208994728,0.35861116314748165,0.2574301583730743,0.413,-0.15556984162692566,0.23719395741819282,0.2776663593279558,0.2169577564633114
ARG,Argentina,49.5860129429258,50.4139870570742,14.88,11.54,13.98,10.76,46.93,65.9,2021.0,13969.7836603737,1.0,7.145,77.395,10.2695179,39.6,16.8,6.1000000000000005,46.1,30.3,1.8,Upper middle income,Americas,Latin America and the Caribbean,,,,,9.54465196611633,0.273670231808917,0.9522195327660041,0.3811597739571858,0.32741500288305136,0.659,-0.33158499711694867,0.3166660486682245,0.3381639570978783,0.3059170944533976
ARM,Armenia,57.1754268097306,42.8245731902694,2.61,0.23,14.22,41.24,44.57,49.2,2021.0,8556.21406956719,1.9,12.871,77.4658536585366,9.32119179,33.62,20.74,8.38,42.4,28.37,1.37,Upper middle income,Asia,Europe and Central Asia,,,,,9.054413089707818,0.3155484424854302,0.9710308879938925,0.33684497744613173,0.326196709965781,0.49200000000000005,-0.16580329003421906,0.3240670564697108,0.32832636346185107,0.3219374029736406
AUS,Australia,68.8685917266892,31.1314082733108,21.54,31.21,8.12,14.54,27.85,94.0,2022.0,64603.9856308464,1.0,4.09,83.0512195121951,10.39852047,33.0,19.68,7.32,40.17,24.86,1.26,High income,Oceania,East Asia and the Pacific,,,,,11.076031384939434,0.2725409152054211,0.7762731550626917,0.2776805031142633,0.2751107091598422,0.9400000000000001,-0.6648892908401578,0.27459675036895803,0.27562466795072643,0.27408279157807375
AUT,Austria,69.0440529897239,30.955947010276105,1.15,0.17,4.73,3.17,31.05,100.0,2022.0,58268.8787651601,0.5,5.582,81.5414634146342,11.8325634,26.8,23.2,8.9,35.9,21.6,0.93,High income,Europe,Europe and Central Asia,,,,,10.972823417891926,0.11748229468761588,0.7982867162921328,0.23255648310516513,0.17501938889639052,1.0,-0.8249806111036095,0.16351197005463558,0.18652680773814545,0.15200455121288065
AZE,Azerbaijan,51.9736469145074,48.0263530854926,2.09,0.23,11.32,12.32,49.36,35.2,2023.0,7283.8499076179,0.0,5.457,74.429,4.27113533,26.55,28.03,12.36,31.72,18.52,0.66,Upper middle income,Asia,Europe and Central Asia,,,,,8.893414834871592,0.23432538393334895,0.9754521656422503,0.26366209578408506,0.248993739858717,0.35200000000000004,-0.10300626014128303,0.24606006867364338,0.2519274110437906,0.2431263974885698
BHS,Bahamas,48.7086280712163,51.2913719287837,4.78,1.51,8.56,9.67,41.57,,,39455.4466548546,,9.207,74.552,6.30260801,41.4,15.9,5.8,46.8,31.4,1.97,High income,Americas,Latin America and the Caribbean,10111.0,,,,10.5829273815058,0.19362554824675035,0.8636606158137595,0.3810899229994512,0.2873577356231008,0.413,-0.12564226437689918,0.2686112981478307,0.30610417309837085,0.24986486067256058
BHR,Bahrain,54.5539737710923,45.4460262289077,0.87,0.14,4.85,2.61,12.55,,,29653.5682731534,,1.102,81.284,3.99562383,59.6,,,,,,High income,Asia,Middle East and North Africa,,,,,10.297337743665535,0.049332140968099486,0.8977206963291873,0.4842716241443903,0.2668018825562449,0.413,-0.1461981174437551,0.22330793423861584,0.31029583087387397,0.1798139859209867
BGD,Bangladesh,35.5462940007947,64.4537059992053,27.29,16.57,35.3,57.88,44.39,22.0,2021.0,2593.41611680774,5.9,3.778,74.672,2.17014575,32.39,21.08,8.64,41.43,26.83,1.27,Lower middle income,Asia,South Asia,,,,,7.860731249643071,0.5012346463974954,0.9917507307076486,0.34268513729689637,0.42195989184719584,0.22,0.20195989184719584,0.4378148427572558,0.406104940937136,0.4536697936673157
BRB,Barbados,60.9561765470909,39.0438234529091,2.58,0.48,6.99,8.49,44.93,,,26544.8707282621,1.7,6.524,76.178,5.40463829,32.0,13.0,4.3,54.9,39.9,3.0700000000000003,High income,Americas,Latin America and the Caribbean,,,,,10.186591815096785,0.192772689555044,0.9085229614210272,0.3755490152677755,0.28416085241140976,0.413,-0.12883914758859022,0.26588321984013663,0.3024384849826829,0.24760558726886345
BLR,Belarus,56.8178598177838,43.1821401822162,0.75,0.05,6.49,5.83,36.57,36.0,2019.0,8317.63399913792,0.0,3.38,74.1837804878049,7.08167362,25.44,24.17,9.93,35.5,21.28,0.88,Upper middle income,Europe,Europe and Central Asia,32.0,,,,9.026133118269373,0.15109571769463964,0.9718599185216908,0.2645497290716924,0.207822723383166,0.36,-0.15217727661683397,0.19647732224546074,0.21916812452087128,0.18513192110775545
BEL,Belgium,62.5989415153557,37.4010584846443,5.83,1.84,8.03,27.21,28.91,100.0,2022.0,56614.5679499036,0.1,5.906,82.3975609756098,10.80371571,25.6,23.4,9.1,34.5,20.5,0.88,High income,Europe,Europe and Central Asia,,,,,10.94402161534754,0.20115056890728347,0.8040352021813649,0.22383225969979118,0.21249141430353732,1.0,-0.7875085856964626,0.21022324522428654,0.2147595833827881,0.20795507614503578
BLZ,Belize,43.6341558659194,56.3658441340806,7.61,2.5,21.14,12.15,48.24,,,7681.24400583113,1.0,8.856,73.566,4.14735794,53.26,10.9,3.21,57.69,42.43,3.89,Upper middle income,Americas,Latin America and the Caribbean,,,,,8.946536792950315,0.2721424946173635,0.974071279810534,0.546642369417472,0.40939243201741776,0.413,-0.003607567982582216,0.3819424445374069,0.43684241949742864,0.35449245705739607
BEN,Benin,38.5229434147719,61.4770565852281,1.6,0.09,41.2,12.87,43.94,8.4,2020.0,1485.38018885134,27.2,1.589,60.774,3.33732462,47.76,12.87,3.24,52.13,37.62,2.92,Low income,Africa,Sub-Saharan Africa,,,,,7.303426037897931,0.31812088787077597,0.9956009919994676,0.5595085159774377,0.4388147019241068,0.084,0.3548147019241068,0.41467593911344064,0.462953464734773,0.39053717630277446
BTN,Bhutan,48.1793317991413,51.8206682008587,1.21,0.1,8.58,8.94,39.97,,,3831.32535494609,0.0,3.227,72.975,4.41551638,37.44,17.47,6.68,44.38,27.93,1.6,Lower middle income,Asia,South Asia,,,,,8.250966067992525,0.18022762091626576,0.9874491788336224,0.3666831422566286,0.2734553815864472,0.413,-0.13954461841355276,0.25480982945241093,0.29210093372048346,0.23616427731837464
BOL,"Bolivia, Plurinational State of",41.6886972245285,58.3113027754715,2.98,0.35,28.14,13.47,42.71,38.4,2021.0,4421.16609889999,2.8,2.967,68.581,6.91864729,43.8,13.7,4.0,48.3,31.2,2.28,Lower middle income,Americas,Latin America and the Caribbean,,,,,8.394158763557042,0.2718577893112084,0.9853995693151187,0.43776238456565975,0.3548100869384341,0.384,-0.02918991306156593,0.33821962741298894,0.3714005464638792,0.3216291678875438
BIH,Bosnia and Herzegovina,51.1960284880304,48.8039715119696,2.63,0.34,14.13,11.51,51.26,54.5,2021.0,9358.78768951134,0.2,11.037,77.85,8.9216938,33.03,19.76,7.46,40.67,25.14,1.27,Upper middle income,Europe,Europe and Central Asia,,,,,9.1440710407318,0.24873497463497635,0.9682420631329467,0.32388473188196787,0.28630985325847214,0.545,-0.2586901467415279,0.27879487753377297,0.2938248289831713,0.2712799018090738
BWA,Botswana,49.909767974129,50.090232025871,1.35,0.09,15.74,10.37,49.91,,,7695.75319445165,21.4,24.477,69.163,6.25574684,53.33,10.95,3.95,58.5,41.48,3.79,Upper middle income,Africa,Sub-Saharan Africa,,,,,8.948423922503302,0.24491272371754874,0.9740208625217874,0.6030388300424177,0.4239757768799832,0.413,0.010975776879983246,0.3881631662474963,0.4597883875124701,0.3523505556150094
BRA,Brazil,49.0973157823589,50.9026842176411,13.47,6.37,36.84,12.37,50.63,71.2,2022.0,10310.5488778166,3.8,5.97,75.848,9.73092747,54.0,10.6,3.3000000000000003,58.6,43.0,4.0600000000000005,Upper middle income,Americas,Latin America and the Caribbean,,,,,9.240922813015535,0.35012169397633053,0.9649348334936099,0.5633872762968841,0.4567544851366073,0.7120000000000001,-0.25524551486339275,0.435427926904552,0.47808104336866264,0.4141013686724966
BRN,Brunei Darussalam,56.7054735287072,43.2945264712928,1.3,0.33,8.07,2.24,7.43,,,33153.4738913513,,5.277,75.327,2.2286067,56.4,21.32,8.26,38.08,48.3,4.98,High income,Asia,East Asia and the Pacific,,,,,10.408902783226198,0.04148054105957036,0.8855590409290589,0.5894051754324534,0.31544285824601187,0.413,-0.09755714175398811,0.2606503948087236,0.37023532168330014,0.20585793137143527
BGR,Bulgaria,55.5012320521842,44.4987679478158,2.4,0.3,17.48,8.65,46.46,82.8,2022.0,17596.0173663521,1.0,3.536,75.7073170731707,7.91853094,39.6,17.0,6.0,45.8,31.2,1.84,Upper middle income,Europe,Europe and Central Asia,857.0,,,,9.775427869416982,0.23396495301424358,0.9396189059082012,0.3795270679255879,0.30674601046991573,0.828,-0.5212539895300843,0.2921897989787813,0.3213022219610502,0.2776335874876468
BFA,Burkina Faso,37.6950370363227,62.3049629636773,2.01,0.07,47.61,61.45,65.44,9.7,2021.0,981.992649769081,42.1,3.477,61.092,7.79943228,35.300000000000004,20.0,8.31,44.32,29.6,1.48,Low income,Africa,Sub-Saharan Africa,,,,,6.889583823366251,0.566317927431382,0.9973501893924502,0.4753463309146473,0.5208321291730147,0.09699999999999999,0.4238321291730147,0.529929288824688,0.5117349695213411,0.5390264484763615
BDI,Burundi,35.960261007696,64.039738992304,3.03,0.16,47.46,59.56,66.84,16.1,2022.0,219.424830882698,74.2,0.922,63.651,9.09471226,38.62,17.87,6.86,46.33,31.02,1.74,Low income,Africa,Sub-Saharan Africa,,,,,5.391009717748469,0.5654140744537652,1.0,0.5995736810541552,0.5824938777539602,0.161,0.4214938777539602,0.5790779170939212,0.5859098384139992,0.5756619564338822
KHM,Cambodia,40.5493575362487,59.4506424637513,8.19,2.47,29.66,13.65,49.62,20.8,2022.0,2627.87969756224,,0.263,70.668,4.61706829,30.76,12.6,2.8000000000000003,50.8,25.23,1.16,Lower middle income,Asia,East Asia and the Pacific,1996.0,,,,7.873932601373376,0.31074059396079284,0.9916309748517159,0.3194699756746698,0.3151052848177313,0.20800000000000002,0.1071052848177313,0.3142323466463436,0.315978222989119,0.3133594084749559
CMR,Cameroon,38.738229360373,61.261770639627,11.15,2.08,58.44,61.53,59.29,10.0,2022.0,1830.00833684727,26.7,3.602,63.7,4.5545516,46.64,12.98,4.51,51.72,35.04,2.7,Lower middle income,Africa,Sub-Saharan Africa,,,,,7.512075801479336,0.5892056422343964,0.9944034600559436,0.5427783527148821,0.5659919974746392,0.1,0.46599199747463926,0.5706347264265906,0.5613492685226878,0.5752774553785421
CAN,Canada,68.1819038515583,31.818096148441697,19.17,25.89,10.29,7.84,35.48,95.6,2022.0,54340.3477224733,0.2,6.907,81.6465853658537,11.3095665,30.9,20.4,7.4,38.3,23.3,1.14,High income,Americas,North America,,,,,10.903022281974833,0.2663648206696868,0.8119377817727113,0.2672882943403678,0.2668265575050273,0.956,-0.6891734424949727,0.2667342101379592,0.26691890487209546,0.2666418627708911
CPV,Cape Verde,51.4953266427675,48.5046733572325,1.18,0.07,15.34,10.89,48.22,,,5192.48157325878,14.6,11.939,76.059,5.84791613,39.0,13.72,13.5,25.5,37.14,2.71,Lower middle income,Africa,Sub-Saharan Africa,,,,,8.55496700702154,0.23896405755907826,0.9827193618960489,0.45961995503071157,0.34929200629489493,0.413,-0.06370799370510505,0.3272264165477316,0.37135759604205826,0.3051608268005682
CAF,Central African Republic,27.6920740567652,72.3079259432348,3.36,0.16,75.77,64.55,72.17,,,516.160999996036,71.6,6.251,57.408,10.65553188,56.24,10.32,3.33,60.85,46.22,4.48,Low income,Africa,Sub-Saharan Africa,,,,,6.246418732311045,0.6967562105857243,0.9989688856137301,0.7997782259456365,0.7482672182656804,0.413,0.33526721826568046,0.7379650167296892,0.7585694198016717,0.7276628151936979
TCD,Chad,27.3512480018784,72.6487519981216,2.9,0.12,70.25,70.16,70.33,2.5,2022.0,961.55975562506,39.5,1.057,55.069,4.99707747,43.32,14.57,4.86,48.81,32.44,2.23,Low income,Africa,Sub-Saharan Africa,,,,,6.868556711433702,0.6882669475217587,0.9974211906834893,0.5435956446010464,0.6159312960614025,0.025,0.5909312960614025,0.6303984263534738,0.6014641657693314,0.6448655566455449
CHL,Chile,59.9328626512199,40.0671373487801,14.06,12.86,9.97,9.04,40.3,75.3,2022.0,16709.8893972307,0.5,8.974,81.167,10.53092575,46.49,14.41,5.21,52.870000000000005,37.84,2.63,High income,Americas,Latin America and the Caribbean,,,,,9.723756002610664,0.23588238306059095,0.9426980697990317,0.44952213389556916,0.34270225847808006,0.753,-0.41029774152191995,0.32133828339458226,0.36406623356157786,0.2999743083110844
CHN,China,58.7069609482147,41.2930390517853,27.1,64.59,14.75,11.54,8.63,75.6,2021.0,13303.1481543868,0.0,4.615,77.953,5.94388866,46.7,19.7,7.0600000000000005,39.68,29.41,1.72,Upper middle income,Asia,East Asia and the Pacific,,,,,9.495755989537384,0.34594288118010297,0.9545359927468527,0.41773533017120146,0.3818391056756522,0.756,-0.3741608943243478,0.37465986077654234,0.38901835057476203,0.36748061587743247
COL,Colombia,48.3974739005916,51.6025260994084,37.64,31.54,39.65,50.01,45.75,54.3,2022.0,7919.20886825345,7.7,8.29,77.725,8.14139366,52.0,11.3,3.5,56.7,40.9,3.62,Upper middle income,Americas,Latin America and the Caribbean,,,,,8.977046589447056,0.554873801579597,0.9732443870397485,0.5483826223926886,0.5516282119861429,0.543,0.00862821198614283,0.5522773299048336,0.5509790940674519,0.5529264478235244
COM,Comoros,37.3938538074981,62.6061461925019,2.73,0.33,12.92,14.75,59.83,,,1662.75663312504,31.4,3.819,66.777,6.55212021,45.33,13.55,4.47,50.35,33.660000000000004,2.48,Lower middle income,Africa,Sub-Saharan Africa,,,,,7.416232126406334,0.285393407453901,0.9949846350382568,0.5406102629949292,0.41300183522441514,0.413,1.8352244151587094e-06,0.3874801496703123,0.4385235207785179,0.36195846411620947
COG,Congo,36.0993545745017,63.9006454254983,5.24,0.57,34.66,58.41,55.24,,,2482.2489948456,39.2,19.876,65.772,3.29744148,48.94,12.42,4.19,53.74,37.93,3.0500000000000003,Lower middle income,Africa,Sub-Saharan Africa,,,,,7.81692028097681,0.4778564347198428,0.9921370200470233,0.6057182212571364,0.5417873279884896,0.413,0.12878732798848963,0.5290011493347602,0.5545735066422189,0.5162149706810308
COD,"Congo, the Democratic Republic o",32.663081371401,67.336918628599,9.73,1.37,70.92,69.24,67.21,,,649.383338556725,85.3,4.434,61.895,3.68495083,42.1,15.52,5.54,48.36,31.99,2.06,Low income,Africa,Sub-Saharan Africa,,,,,6.476023202666871,0.6813266274227363,0.9985059576522588,0.6644393909724875,0.6728830091976119,0.413,0.2598830091976119,0.6745717328426368,0.671194285552587,0.6762604564876616
CRI,Costa Rica,53.9191894976903,46.0808105023097,12.48,9.89,22.86,10.88,15.73,,,18587.1532203482,1.3,6.843,80.799,6.8663702,49.3,12.1,3.9,54.3,37.1,3.0700000000000003,Upper middle income,Americas,Latin America and the Caribbean,,,,,9.830225933989032,0.18548501189294112,0.936174855117706,0.4835355186335503,0.33451026526324573,0.413,-0.07848973473675425,0.3047052145891848,0.36431531593730665,0.27490016391512384
CIV,Cote d'Ivoire,41.512101899099,58.487898100901,1.86,0.13,24.41,13.03,59.13,,,2727.8935220697,20.9,2.323,61.944,3.43218303,41.47,15.95,5.71,47.78,31.93,2.0,Lower middle income,Africa,Sub-Saharan Africa,,,,,7.911284986702227,0.3161267112174272,0.9912834415746515,0.4678885779220219,0.39200764456972453,0.413,-0.020992355430275444,0.3768314578992651,0.407183831240184,0.3616552712288056
HRV,Croatia,55.648897350468,44.351102649532,4.77,1.57,8.54,9.6,37.03,81.4,2022.0,24050.4397933135,0.3,5.002,78.4731707317073,7.14699411,29.7,20.9,7.4,37.1,22.0,1.05,High income,Europe,Europe and Central Asia,,,,,10.087908561990972,0.17719933386518064,0.9171907407155686,0.283388154693742,0.2302937442794613,0.8140000000000001,-0.5837062557205388,0.2196748621966052,0.24091262636231747,0.20905598011374904
CUB,Cuba,44.8588795325829,55.1411204674171,7.76,4.57,12.73,10.32,17.47,63.9,2022.0,9605.27914559614,,1.746,78.085,9.38383102,38.0,20.2,7.8,33.4,18.1,0.9,Upper middle income,Americas,Latin America and the Caribbean,,,,,9.17006813730988,0.13479903301875668,0.9673855417077996,0.34633478605889445,0.24056690953882556,0.639,-0.3984330904611745,0.2194133342348118,0.26172048484283933,0.198259758930798
CYP,Cyprus,57.7335532550152,42.2664467449848,3.56,1.02,7.26,7.45,35.48,,,38674.29296875,0.0,4.924,81.648,8.11912918,29.1,22.1,8.9,38.2,23.7,1.07,High income,Asia,Europe and Central Asia,,,,,10.56293039392316,0.15851547849541472,0.8663750095664219,0.26701759825018484,0.2127665383727998,0.413,-0.20023346162720018,0.20191632639732277,0.2236167503482768,0.19106611442184573
CZE,Czech Republic,64.6756828027501,35.3243171972499,1.12,0.1,7.55,6.68,38.61,,,31823.3078290564,0.0,2.825,79.8780487804878,8.50710297,24.0,25.1,10.4,34.5,20.6,0.8200000000000001,High income,Europe,Europe and Central Asia,1464.0,,,,10.367954250890415,0.1648767471446076,0.8901811716489455,0.23334322803135446,0.19910998758798104,0.413,-0.21389001241201894,0.19226333949930635,0.20595663567665573,0.18541669141063166
DNK,Denmark,70.8942615158465,29.105738484153505,0.99,0.18,3.47,1.6,28.66,100.0,2023.0,71026.4832271897,0.4,5.529,81.8536585365854,9.38812923,27.8,23.2,9.0,36.8,23.2,1.0,High income,Europe,Europe and Central Asia,,,,,11.170808089674908,0.09978169723182387,0.7539559239440141,0.2297464059621225,0.1647640515969732,1.0,-0.8352359484030268,0.1517675807239433,0.17776052247000307,0.13877110985091345
DJI,Djibouti,41.031117317375,58.968882682625,10.68,4.25,23.79,14.42,56.42,,,3552.72335079222,25.4,26.015,65.987,2.28316021,41.59,15.82,5.4,47.59,32.31,2.04,Lower middle income,Africa,Middle East and North Africa,,,,,8.175469729435386,0.32444032908619447,0.9884172796734527,0.4825874535914825,0.40351389133883847,0.413,-0.009486108661161508,0.3876991788883097,0.4193286037893673,0.37188446643778084
DMA,Dominica,53.8365702883702,46.1634297116298,3.01,0.79,7.03,5.27,40.98,,,10405.2787777582,,,71.132,5.00757647,44.4,14.68,5.32,52.33,37.24,2.54,Upper middle income,Americas,Latin America and the Caribbean,,,,,9.250068531141398,0.16999939291823318,0.9646056610744486,0.4456803529991767,0.30783987295870496,0.413,-0.10516012704129502,0.2802717769506106,0.3354079689667993,0.2527036809425162
DOM,Dominican Republic,46.4559595001091,53.5440404998909,12.92,7.05,22.87,11.88,48.86,61.0,2022.0,10875.6618443092,0.8,5.092,73.72,4.59880495,44.4,15.2,5.5,50.6,35.5,2.34,Upper middle income,Americas,Latin America and the Caribbean,3515.0,,,,9.294282713351858,0.2970857233110355,0.9629711493517026,0.4321158901770866,0.36460080674406103,0.61,-0.24539919325593895,0.35109779005745595,0.3781038234306662,0.33759477337085086
ECU,Ecuador,43.6257702403162,56.3742297596838,23.58,14.57,26.41,44.16,47.6,46.8,2021.0,6874.705739766,7.3,3.308,77.392,7.56167889,45.4,14.1,4.9,51.3,35.2,2.5,Upper middle income,Americas,Latin America and the Caribbean,234.0,,,,8.83560412013018,0.4326377978255099,0.9768738812315265,0.4666219516796173,0.44962987475256355,0.46799999999999997,-0.01837012524743642,0.44623145936715286,0.4530282901379743,0.44283304398174206
EGY,Egypt,46.9822891956235,53.0177108043765,17.76,10.74,11.85,46.49,46.04,36.6,2022.0,3338.47371395895,1.4,6.781,71.633,4.88449335,31.3,21.9,9.12,41.49,27.1,1.24,Lower middle income,Africa,Middle East and North Africa,,,,,8.113269009658705,0.3695171530094589,0.9891617655359345,0.3212689820098261,0.3453930675096425,0.36600000000000005,-0.020606932490357555,0.3502178846096058,0.34056825040967925,0.3550427017095691
SLV,El Salvador,46.3016149411131,53.6983850588869,14.49,7.3,37.1,12.16,52.68,18.8,2021.0,5579.65969165029,4.6,3.303,72.099,9.28738594,40.5,15.9,5.6000000000000005,46.6,30.5,1.92,Lower middle income,Americas,Latin America and the Caribbean,172.0,,,,8.626883066356118,0.36136284259409757,0.9813739750862263,0.4088708820049712,0.38511686229953435,0.188,0.19711686229953435,0.38036605835844706,0.38986766624062175,0.37561525441735966
GNQ,Equatorial Guinea,42.3534826793701,57.6465173206299,3.37,0.86,11.06,3.58,58.05,,,6745.40013244916,8.8,8.337,63.707,3.49941635,50.2,9.9,2.4,52.7,,,Upper middle income,Africa,Sub-Saharan Africa,,,,,8.816616089706518,0.24044956654153943,0.9773231991300765,0.4664947716630312,0.3534721691022853,0.413,-0.059527830897714684,0.3308676485901362,0.3760766896144345,0.30826312807798695
ERI,Eritrea,31.0939734975221,68.9060265024779,7.58,2.3,18.65,14.58,57.55,,,688.68165957684,,5.978,68.624,3.6837678,,17.88,6.9,45.85,,,Low income,Africa,Sub-Saharan Africa,,,,,6.534779131699235,0.30387528573643807,0.998369401787562,0.378464533369504,0.341169909552971,0.413,-0.07183009044702898,0.33371098478966443,0.3486288343162776,0.3262520600263578
EST,Estonia,63.9324029117629,36.0675970882371,1.84,0.43,6.7,1.92,37.87,,,31428.3547816104,0.3,8.313,78.490243902439,7.83648062,30.6,20.1,7.5,37.8,21.9,1.09,High income,Europe,Europe and Central Asia,1032.0,,,,10.35546578294303,0.1459981284382837,0.8915535751895707,0.2838154629312656,0.21490679568477464,0.413,-0.19809320431522534,0.20112506223547644,0.22868852913407284,0.18734332878617826
ETH,Ethiopia,38.5234107049333,61.4765892950667,4.85,0.36,64.71,62.02,69.83,7.4,2019.0,1133.88279681719,38.6,3.323,67.315,2.80310345,33.0,19.44,7.35,43.01,28.46,1.46,Low income,Africa,Sub-Saharan Africa,,,,,7.033403125169599,0.6435108248425241,0.9968223935520513,0.4506043627511016,0.5470575937968128,0.07400000000000001,0.47305759379681284,0.5663482400059552,0.5277669475876705,0.5856388862150973
FJI,Fiji,51.1967810419109,48.8032189580891,6.41,2.79,16.53,11.43,16.95,,,6425.74151715712,4.7,5.347,67.316,3.61524153,36.7,18.85,7.52,44.67,29.7,1.58,Upper middle income,Oceania,East Asia and the Pacific,,,,,8.768067314334736,0.1424292324893454,0.9784339656332216,0.37307200323150247,0.2577506178604239,0.413,-0.15524938213957606,0.2346863407862082,0.2808148949346396,0.2116220637119925
FIN,Finland,73.2697151191108,26.7302848808892,1.43,0.49,5.71,0.49,26.53,100.0,2022.0,53149.7671934051,0.2,9.461,81.6853658536585,10.47389507,25.9,24.0,9.8,35.800000000000004,21.9,0.91,High income,Europe,Europe and Central Asia,,,,,10.880869003579976,0.09756095583410426,0.8160748733689371,0.2300463983898528,0.16380367711197852,1.0,-0.8361963228880215,0.15055513285640368,0.1770522213675534,0.1373065886008288
FRA,France,67.2432556076688,32.7567443923312,7.39,2.7,8.46,29.38,33.29,99.4,2021.0,46103.0840855884,0.1,7.542,82.9292682926829,11.53530598,29.3,22.5,8.700000000000001,38.4,24.5,1.09,High income,Europe,Europe and Central Asia,,,,,10.738635126651344,0.22839631932320498,0.8405610570035973,0.2627979517834707,0.24559713555333784,0.9940000000000001,-0.7484028644466623,0.24215697230731126,0.2490372987993644,0.23871680906128467
GAB,Gabon,42.6301851335201,57.3698148664799,4.52,1.5,15.8,3.28,48.8,,,8230.04311451151,3.8,20.154,68.337,3.13430715,38.02,16.9,6.05,44.37,27.73,1.64,Upper middle income,Africa,Sub-Saharan Africa,,,,,9.015546532358671,0.2248568994071904,0.9721642839164261,0.37894442814554885,0.3019006637763696,0.413,-0.11109933622363038,0.2864919109025338,0.31730941665020546,0.2710831580286979
GMB,Gambia,40.2681574508166,59.7318425491834,4.85,0.67,56.53,12.79,59.82,,,871.340291776294,22.0,6.521,65.86,2.89250112,35.92,18.96,7.390000000000001,43.61,28.73,1.52,Low income,Africa,Sub-Saharan Africa,,,,,6.770032591455433,0.4298357204014337,0.9977346900030161,0.4217144789871911,0.4257750996943124,0.413,0.012775099694312397,0.42658722383573666,0.42496297555288814,0.4273993479771609
GEO,Georgia,58.8032588150903,41.1967411849097,3.69,0.73,15.32,9.28,45.41,,,9241.49122313713,4.2,12.097,74.496,6.85758877,37.94,17.330000000000002,6.26,44.51,28.9,1.67,Upper middle income,Asia,Europe and Central Asia,,,,,9.131458539399526,0.22638400308655063,0.9686496510393973,0.37990337764221627,0.30314369036438343,0.413,-0.10985630963561654,0.28779175290881687,0.31849562781995,0.2724398154532503
DEU,Germany,69.0061203618549,30.993879638145103,4.3,1.99,7.02,3.21,35.42,,,56103.7323182554,0.2,3.711,80.5414634146342,12.26655293,31.1,21.2,7.7,38.9,24.7,1.17,High income,Europe,Europe and Central Asia,,,,,10.934957619034956,0.14824675485084224,0.805810280596597,0.2680765401554056,0.20816164750312394,0.413,-0.20483835249687604,0.19617866897266759,0.22014462603358026,0.18419569044221124
GHA,Ghana,44.9930826491296,55.0069173508704,2.99,0.34,28.76,12.17,52.22,25.2,2022.0,2390.77237652715,39.0,2.979,65.498,2.94686937,43.52,14.29,4.67,48.61,32.21,2.25,Lower middle income,Africa,Sub-Saharan Africa,307.0,,,,7.77937176281239,0.30426028705847363,0.9924548877927629,0.5428294111385233,0.4235448490984985,0.252,0.1715448490984985,0.3996879366904935,0.44740176150650346,0.37583102428248855
GRC,Greece,59.8761782543809,40.1238217456191,8.58,8.25,8.82,8.09,9.98,84.6,2023.0,24626.1481858973,0.6,8.54,81.5365853658537,8.39367008,32.3,20.2,7.2,39.5,24.6,1.22,High income,Europe,Europe and Central Asia,,,,,10.11156409179176,0.1018264760107388,0.9151902390319915,0.3055828746419362,0.2037046753263375,0.846,-0.6422953246736625,0.18332903546321774,0.22408031518945723,0.162953395600098
GRD,Grenada,57.1265959454479,42.8734040545521,1.85,0.31,14.34,2.55,36.61,,,11705.0902976658,0.8,,75.205,4.65330839,36.6,18.42,7.26,45.63,29.76,1.62,Upper middle income,Americas,Latin America and the Caribbean,,,,,9.367779094347696,0.1690505575814461,0.9600890079087061,0.35798195174484515,0.26351625466314565,0.413,-0.14948374533685432,0.24462311524680572,0.2824093940794855,0.2257299758304658
GTM,Guatemala,44.1887059124734,55.8112940875266,11.71,4.29,40.45,14.37,56.33,12.1,2022.0,6150.02571438505,9.7,2.604,72.602,6.80241346,45.0,15.21,5.59,51.25,36.76,2.42,Upper middle income,Americas,Latin America and the Caribbean,,,,,8.724211541992643,0.38110196215908265,0.9793920373492842,0.4688865208048318,0.4249942414819572,0.121,0.3039942414819572,0.41621578561738226,0.4337726973465321,0.40743732975280733
GIN,Guinea,38.936304979348,61.063695020652,6.86,1.47,31.77,14.61,70.72,3.7,2021.0,1694.95375862193,11.7,5.163,60.74,3.69442987,33.730000000000004,19.73,7.55,41.5,26.41,1.34,Low income,Africa,Sub-Saharan Africa,,,,,7.435410738393407,0.3931337560408636,0.9948727547797916,0.37103963142639096,0.38208669373362725,0.037000000000000005,0.3450866937336272,0.38429610619507454,0.37987728127218,0.38650551865652183
GNB,Guinea-Bissau,33.1915507742989,66.8084492257011,4.13,0.67,18.97,13.39,65.09,,,1007.74151728028,39.9,2.673,64.085,8.82204819,50.66,12.79,4.49,56.7,42.0,3.28,Low income,Africa,Sub-Saharan Africa,,,,,6.91546698447763,0.3222105591358632,0.9972607158786542,0.6279415539244899,0.4750760565301766,0.413,0.062076056530176615,0.44450295705131393,0.5056491560090393,0.4139298575724512
GUY,Guyana,45.3356633556796,54.6643366443204,8.13,2.63,28.67,11.85,46.79,,,29675.2443873316,13.0,11.962,70.18,2.46673751,35.0,14.22,7.0,42.0,34.11,2.4,Upper middle income,Americas,Latin America and the Caribbean,,,,,10.298068454905849,0.2922527237478649,0.8976453750320419,0.3982612218138435,0.3452569727808542,0.413,-0.06774302721914577,0.3346561229742563,0.355857822587452,0.3240552731676584
HTI,Haiti,35.3433700117027,64.6566299882973,9.67,2.78,35.88,15.43,68.85,6.6,2022.0,2142.62330526788,40.4,14.944,64.936,3.19156528,60.79,7.47,1.98,64.29,48.21,6.45,Low income,Americas,Latin America and the Caribbean,,,,,7.669786200866231,0.4080303624511893,0.9933171691859598,0.808549026404934,0.6082896944280616,0.066,0.5422896944280615,0.5682378280326872,0.6483415608234361,0.5281859616373127
HND,Honduras,40.7484656397968,59.2515343602032,16.79,8.82,39.35,14.55,56.97,30.1,2022.0,3426.43483328923,15.7,4.92,72.884,7.70976162,48.1,12.7,4.2,53.2,36.5,2.87,Lower middle income,Americas,Latin America and the Caribbean,,,,,8.139275592397405,0.39773838705187753,0.9888561136302539,0.5242303671978676,0.4609843771248726,0.30100000000000005,0.15998437712487257,0.44833517911027354,0.4736335751394716,0.4356859810956745
HUN,Hungary,57.0198235705571,42.9801764294429,0.94,0.11,5.33,9.22,10.36,89.0,2022.0,23292.3263882478,0.9,4.521,76.7707317073171,6.36868954,28.7,22.4,8.6,37.4,23.2,1.04,High income,Europe,Europe and Central Asia,1524.0,,,,10.055879245749429,0.06320476956066429,0.9198250728926101,0.27951570899648914,0.17136023927857671,0.89,-0.7186397607214233,0.14972914533499423,0.19299133322215922,0.12809805139141173
ISL,Iceland,68.5619308981895,31.4380691018105,1.81,0.55,6.26,1.71,19.86,,,86040.5309851288,0.1,3.625,82.6073170731707,8.98358727,24.1,25.3,10.4,34.6,21.2,0.84,High income,Europe,Europe and Central Asia,,,,,11.3625737547379,0.07935275596525217,0.7017843242175207,0.18788684129902697,0.13361979863213957,0.413,-0.2793802013678604,0.1227663900987621,0.14447320716551704,0.1119129815653846
IND,India,45.4558519863007,54.5441480136993,41.52,35.99,37.79,55.86,52.04,64.3,2025.0,2694.73780859961,5.3,4.219,72.003,3.33944035,29.0,19.6,8.1,44.7,29.9,1.53,Lower middle income,Asia,South Asia,,,,,7.899056190521106,0.6063474718058688,0.9913986527848259,0.33066658684799255,0.46850702932693067,0.643,-0.17449297067306935,0.4960751178227183,0.44093894083114304,0.5236432063185059
IDN,Indonesia,48.3823456887259,51.6176543112741,43.5,39.89,45.46,50.59,46.38,54.3,2021.0,4925.43048751861,5.4,3.237,71.146,2.70239949,40.69,16.03,6.11,47.08,30.72,1.92,Lower middle income,Asia,East Asia and the Pacific,,,,,8.502166958419497,0.6111247409896519,0.9836473249994295,0.4129068168104637,0.5120157789000578,0.543,-0.030984221099942255,0.5318375713179766,0.49219398648213897,0.5516593637358954
IRN,"Iran, Islamic Republic of",49.5626295715914,50.4373704284086,19.72,12.49,19.92,57.99,26.08,,,5190.16959024821,2.5,8.301,77.654,6.02542305,39.97,16.67,6.13,46.67,30.85,1.85,Upper middle income,Asia,Middle East and North Africa,,,,,8.554521651974477,0.36712452734136325,0.9827273956957374,0.3972665628070834,0.3821955450742233,0.413,-0.03080445492577666,0.3791813415276513,0.3852097486207953,0.37616713798107926
IRQ,Iraq,43.2586975249766,56.7413024750234,9.23,1.72,36.65,66.59,49.85,41.7,2022.0,6073.61032342708,0.5,15.485,72.324,5.53275251,29.54,21.93,8.8,38.51,23.7,1.08,Upper middle income,Asia,Middle East and North Africa,,,,,8.711708488695376,0.4947291380880386,0.9796575695531426,0.2997834899090116,0.3972563139985251,0.41700000000000004,-0.019743686001474914,0.4167508788164278,0.37776174918062244,0.4362454436343305
IRL,Ireland,64.2468917867885,35.753108213211505,3.25,1.45,4.59,3.43,24.76,100.0,2022.0,112894.953240805,0.1,4.632,82.8609756097561,6.85410833,30.6,21.3,8.4,39.1,24.2,1.14,High income,Europe,Europe and Central Asia,,,,,11.634213047994296,0.10006774448294897,0.6084691708759753,0.2143550087351549,0.15721137660905193,1.0,-0.8427886233909481,0.14578265018383135,0.16864010303427251,0.13435392375861074
ISR,Israel,61.7243465627677,38.2756534372323,3.93,0.88,11.13,16.37,29.77,100.0,2022.0,54176.6844383302,0.7,3.489,83.1951219512195,7.09822369,34.4,18.37,6.18,40.23,24.63,1.34,High income,Asia,Middle East and North Africa,,,,,10.900005918460748,0.17793639730169508,0.8125064875266758,0.2971687195675351,0.2375525584346151,1.0,-0.7624474415653849,0.2256293262080311,0.2494757906611991,0.21370609398144708
ITA,Italy,59.7736980909756,40.2263019090244,9.97,8.69,7.96,5.25,35.77,88.8,2022.0,40385.3413957669,0.9,6.391,83.7,8.44437313,33.4,19.3,6.6000000000000005,40.0,25.1,1.3,High income,Europe,Europe and Central Asia,,,,,10.606222161369622,0.18491372097390368,0.8604293688513942,0.3023079902025062,0.24361085558820494,0.888,-0.6443891444117951,0.23187142866534471,0.2553502825110652,0.22013200174248443
JAM,Jamaica,49.2431798635609,50.7568201364391,3.84,1.1,8.89,5.55,48.87,32.6,2022.0,7753.8006955432,1.4,3.286,71.479,7.60493946,37.48,17.62,6.5,44.84,29.32,1.66,Upper middle income,Americas,Latin America and the Caribbean,,,,,8.955938414462723,0.20687838988395985,0.9738191560239198,0.3698913844968124,0.28838488719038613,0.326,-0.03761511280961388,0.27208358772910085,0.3046861866516714,0.25578228826781557
JPN,Japan,65.8050728143673,34.19492718563269,20.86,43.67,11.43,5.09,16.97,94.6,2020.0,32487.0778047567,1.2,2.451,84.0412195121951,10.73979473,33.9,18.92,6.5,40.43,24.99,1.32,High income,Asia,East Asia and the Pacific,,,,,10.388597683244114,0.26391570335270936,0.8878746689628602,0.3137623730210326,0.28883903818687096,0.946,-0.657160961813129,0.28385437122003865,0.2938237051537033,0.27886970425320634
JOR,Jordan,52.3235477520054,47.6764522479946,3.65,0.57,13.73,19.98,46.26,28.8,2022.0,4618.09592498567,0.1,16.535,77.814,7.66000605,33.1,20.1,8.2,42.41,25.9,1.29,Upper middle income,Asia,Middle East and North Africa,9304.0,,,,8.437737761674814,0.2561657854708325,0.9847152672383974,0.32888238659804236,0.29252408603443747,0.28800000000000003,0.004524086034437436,0.28525242592171646,0.2997957461471584,0.27798076580899544
KAZ,Kazakhstan,59.5741253231968,40.4258746768032,2.15,0.25,15.1,10.13,40.93,94.3,2023.0,14154.6324958076,0.0,4.771,74.402,3.76701546,27.45,23.36,9.8,37.44,22.98,0.98,Upper middle income,Asia,Europe and Central Asia,,,,,9.55779723435538,0.21021730214156623,0.9515772103485157,0.27515211135964407,0.24268470675060516,0.943,-0.7003152932493948,0.23619122582879737,0.24917818767241293,0.22969774490698958
KEN,Kenya,40.2536977524334,59.7463022475666,13.71,3.27,58.22,57.81,56.55,9.0,2021.0,2132.43452097647,46.9,5.449,63.646,4.35172892,40.78,16.4,6.15,47.52,31.56,1.92,Lower middle income,Africa,Sub-Saharan Africa,,,,,7.665019573607885,0.571783148273258,0.9933525737074,0.5374945866712257,0.5546388674722419,0.09,0.4646388674722419,0.5580677236324452,0.5512100113120386,0.5614965797926483
KIR,Kiribati,44.5256740585083,55.4743259414917,2.75,0.69,9.79,2.8,47.94,21.0,2019.0,2288.63471423684,6.1,,66.473,10.94525623,36.97,18.16,6.59,43.95,29.25,1.61,Lower middle income,Oceania,East Asia and the Pacific,,,,,7.735710724097179,0.19659168698692808,0.9928098010926218,0.3835029600882881,0.2900473235376081,0.21,0.0800473235376081,0.2713561962274721,0.3087384508477441,0.2526650689173361
PRK,"Korea, Democratic People's Repub",43.9605276828717,56.0394723171283,12.75,7.22,14.11,13.76,58.81,,,,,3.545,73.642,,,,,,,,,,,,,,,,0.30942873905973833,0.9752340480673443,0.37268069493944955,0.34105471699959394,0.413,-0.07194528300040604,0.3347295214116228,0.34737991258756507,0.3284043258236517
KOR,"Korea, Republic of",68.5056828854251,31.494317114574898,10.84,9.96,8.71,8.04,23.43,,,36238.639908315,0.2,2.683,83.4292682926829,8.67656994,35.5,17.89,5.94,41.53,25.8,1.44,High income,Asia,East Asia and the Pacific,,,,,10.497881229328884,0.1564317234641059,0.8748385444232649,0.3215811263537167,0.2390064249089113,0.413,-0.17399357509108868,0.22249148461995022,0.2555213651978724,0.2059765443309891
KWT,Kuwait,55.4030070099247,44.5969929900753,2.88,1.05,5.98,2.58,32.21,,,32717.7186631255,,2.181,83.1878048780488,4.96311998,36.02,16.59,5.93,44.89,26.0,1.38,High income,Asia,Middle East and North Africa,,,,,10.39567206527631,0.12754194571346666,0.8870732260250602,0.33276398767286886,0.23015296669316776,0.413,-0.18284703330683222,0.20963076249722754,0.25067517088910796,0.1891085583012873
KGZ,Kyrgyzstan,54.1552434821698,45.8447565178302,2.42,0.22,33.53,11.08,50.27,,,2420.18542283831,2.7,3.526,72.2487804878049,4.50344467,27.34,23.59,9.9,37.45,23.28,0.99,Lower middle income,Asia,Europe and Central Asia,108.0,,,,7.791599437223058,0.30973891687386157,0.9923526817985086,0.29298847105179665,0.30136369396282914,0.413,-0.11163630603717084,0.3030387385450356,0.2996886493806226,0.30471378312724207
LAO,Lao People's Democratic Republic,42.4996424860974,57.5003575139026,2.79,0.38,10.35,13.61,60.47,,,2123.97909415109,15.7,1.187,68.964,1.32651615,36.39,19.1,7.56,44.6,29.76,1.56,Lower middle income,Asia,East Asia and the Pacific,,,,,7.661046539634995,0.2756131415557995,0.9933819550675078,0.40645727986869257,0.3410352107122461,0.413,-0.0719647892877539,0.32795079688095674,0.35411962454353535,0.3148663830496674
LVA,Latvia,60.9996635809667,39.0003364190333,2.74,0.79,9.29,2.29,40.13,,,23409.0845154775,0.4,6.568,75.6780487804878,7.27783823,35.6,17.900000000000002,6.2,41.8,26.1,1.46,High income,Europe,Europe and Central Asia,1212.0,,,,10.060879453162286,0.1655359881279695,0.9194193556352221,0.33466223751787366,0.2500991128229216,0.413,-0.1629008871770784,0.23318648788393115,0.267011737761912,0.21627386294494072
LBN,Lebanon,44.4622586400712,55.5377413599288,3.86,0.38,21.99,46.97,57.95,20.0,2022.0,3477.72489842684,5.9,10.985,77.817,5.57497263,31.83,20.55,7.86,39.96,24.79,1.21,Upper middle income,Asia,Middle East and North Africa,,,,,8.15413359415124,0.40851831015894097,0.9886778882248571,0.33633105798052443,0.3724246840697327,0.2,0.17242468406973271,0.37964340928757434,0.365205958851891,0.38686213450541596
LSO,Lesotho,41.5196792456659,58.4803207543341,1.38,0.07,23.92,14.02,61.02,,,971.90771824829,41.9,16.315,57.375,12.61182117,54.18,9.63,2.84,58.21,40.88,4.25,Lower middle income,Africa,Sub-Saharan Africa,962.0,,,,6.87926085987957,0.3240679324311034,0.9973852330408424,0.6914363094929061,0.5077521209620047,0.413,0.09475212096200475,0.4710152832558245,0.544488958668185,0.4342784455496442
LBR,Liberia,37.1309826722364,62.8690173277636,2.99,0.54,20.2,3.53,63.23,,,851.497723870206,33.6,2.884,62.163,13.00574875,35.27,18.81,7.21,42.82,27.1,1.44,Low income,Africa,Sub-Saharan Africa,,,,,6.746996827016617,0.28900445154979254,0.9978036399975168,0.4488528628892138,0.3689286572195032,0.413,-0.04407134278049679,0.352943816085561,0.38491349835344524,0.33695897495161886
LBY,Libyan Arab Jamahiriya,44.3190114126449,55.6809885873551,13.93,4.94,23.84,53.86,47.13,66.1,2021.0,6569.16408678648,,18.758,69.339,7.80515862,30.2,,,,,,Upper middle income,Africa,Middle East and North Africa,,,,,8.790141871540236,0.4145777217940676,0.9779355933744488,0.3305664831574786,0.3725721024757731,0.6609999999999999,-0.2884278975242268,0.380973226339432,0.3641709786121142,0.38937435020309086
LIE,Liechtenstein,,,0.72,0.09,6.68,1.0,27.77,,,206780.590353385,,,84.8414634146342,5.71460724,,,,,,,,,,,,,,12.23941356011961,0.10536485253657846,0.2822304404234033,0.1994297930284643,0.15239732278252138,0.413,-0.2606026772174786,0.1429908287333328,0.16180381683170997,0.1335843346841442
LTU,Lithuania,61.9371943452482,38.0628056547518,2.31,0.64,6.98,2.08,39.5,,,29384.0189598663,1.1,6.731,76.9878048780488,7.59519005,36.9,17.5,6.1000000000000005,43.3,27.6,1.58,High income,Europe,Europe and Central Asia,558.0,,,,10.28820623274386,0.15413838132495936,0.8986573404045287,0.3437588835382548,0.2489486324316071,0.413,-0.1640513675683929,0.22998658221027754,0.2679106826529366,0.21102453198894797
LUX,Luxembourg,67.1894851941246,32.8105148058754,0.64,0.06,5.36,5.76,10.22,,,137781.681659123,0.1,6.343,83.3585365853659,5.89136267,30.9,20.7,7.7,38.7,23.6,1.14,High income,Europe,Europe and Central Asia,,,,,11.83342569446625,0.05201092411345292,0.5219914631668148,0.1945086314532548,0.12325977778335387,0.413,-0.2897402222166461,0.10901000704937369,0.13750954851733405,0.09476023631539349
MKD,Macedonia,55.0971927374185,44.9028072625815,1.3,0.1,9.54,10.36,48.99,50.5,2022.0,9291.85661671864,3.9,12.256,75.3160975609756,7.42730284,32.4,18.8,6.0,38.3,22.8,1.21,Upper middle income,Europe,Europe and Central Asia,,,,,9.136893662940274,0.22039565574390155,0.9684746387311666,0.32878737522056456,0.27459151548223304,0.505,-0.23040848451776696,0.2637523435345668,0.28543068742989935,0.2529131715869004
MDG,Madagascar,35.1642132439695,64.8357867560305,23.59,18.38,25.97,15.27,69.94,15.4,2022.0,544.987501003384,69.2,3.041,63.632,3.42822957,42.65,15.75,5.72,49.42,33.49,2.13,Low income,Africa,Sub-Saharan Africa,602.0,,,,6.3007628604615125,0.43797489857387556,0.9988687177778262,0.6232498097775538,0.5306123541757147,0.154,0.3766123541757147,0.5120848630553468,0.5491398452960825,0.49355737193497906
MWI,Malawi,36.8830805401972,63.1169194598028,3.17,0.35,25.65,14.03,65.31,19.9,2022.0,522.570393642547,75.4,5.072,67.353,6.53459597,44.69,16.21,6.390000000000001,51.67,38.09,2.35,Low income,Africa,Sub-Saharan Africa,,,,,6.258759699439144,0.3465739766976965,0.9989466139169029,0.661843160766279,0.5042085687319877,0.19899999999999998,0.30520856873198776,0.47268165032512954,0.535735487138846,0.44115473191827126
MYS,Malaysia,56.9345275458025,43.0654724541975,14.04,8.64,15.9,20.01,37.42,29.2,2023.0,11874.4273684245,0.0,3.764,76.657,3.95760036,41.04,15.93,5.82,47.26,31.26,1.96,Upper middle income,Asia,East Asia and the Pacific,,,,,9.382142406133784,0.2630394602294948,0.9595005865837634,0.39462964608452,0.3288345531570074,0.292,0.0368345531570074,0.3156755345715049,0.34199357174250994,0.3025165159860024
MDV,Maldives,45.2104039622165,54.7895960377835,1.19,0.11,6.9,9.96,30.83,,,13379.3513577224,0.0,4.514,81.041,9.24973583,37.0,18.0,7.0,43.0,28.86,1.6,Upper middle income,Asia,South Asia,,,,,9.501467854011016,0.14467640700413617,0.9542711978636609,0.3557881742008995,0.25023229060251784,0.413,-0.16276770939748214,0.2291211138828415,0.27134346732219417,0.20800993716316515
MLI,Mali,35.2664673890902,64.7335326109098,2.31,0.08,61.03,70.18,68.44,12.6,2022.0,1094.61949265799,36.1,2.831,60.439,3.81316996,33.04,20.05,7.97,41.3,25.68,1.28,Low income,Africa,Sub-Saharan Africa,922.0,,,,6.998162086570615,0.6498196763421955,0.9969588277383252,0.43671926895324487,0.5432694726477202,0.126,0.4172694726477202,0.5645795133866153,0.5219594319088251,0.5858895541255102
MLT,Malta,58.6054490701846,41.3945509298154,0.88,0.15,4.67,2.07,13.99,,,43898.5781808597,0.1,2.896,83.5073170731707,8.84301376,28.7,22.1,8.8,37.4,23.0,1.04,High income,Europe,Europe and Central Asia,,,,,10.689637210859036,0.0522952286601825,0.8482213896141274,0.2592701222917571,0.1557826754759698,0.413,-0.2572173245240302,0.13508518611281234,0.17648016483912726,0.11438769674965488
MHL,Marshall Islands,41.6739701785404,58.3260298214596,2.69,0.5,12.33,5.44,45.2,25.2,2019.0,7726.33668877794,2.1,,66.945,13.40528965,,,,,,,,,,,,,,8.952390120943276,0.20274708986908035,0.973914589393451,0.3705923308571427,0.2866697103631115,0.252,0.034669710363111506,0.2698851862643053,0.30345423446191777,0.25310066216549904
MRT,Mauritania,38.8037795481376,61.1962204518624,9.01,2.91,23.17,15.14,61.82,11.2,2020.0,2110.12036938187,10.2,10.319,68.484,4.34333467,32.62,19.9,7.53,40.19,24.93,1.25,Lower middle income,Africa,Sub-Saharan Africa,,,,,7.654500271943401,0.33881453873597933,0.9934301120903863,0.3563081744950937,0.34756135661553655,0.11199999999999999,0.23556135661553657,0.34581199303962507,0.34931072019144793,0.34406262946371363
MUS,Mauritius,57.6056928559842,42.3943071440158,3.6,0.73,12.43,9.82,45.94,,,11990.7798944837,0.5,5.635,73.4121951219512,5.56544495,38.47,18.18,7.01,46.2,31.61,1.74,Upper middle income,Africa,Sub-Saharan Africa,,,,,9.391893291317684,0.22006463731334935,0.9590962787305719,0.372458881248218,0.2962617592807837,0.413,-0.11673824071921629,0.28102233488729683,0.31150118367427054,0.2657829104938099
MEX,Mexico,48.7384836133905,51.2615163866095,38.17,50.08,44.78,12.28,44.76,80.8,2022.0,14185.7812248529,2.3,2.673,75.069,5.50398684,47.5,13.6,4.7,53.2,37.6,2.76,Upper middle income,Americas,Latin America and the Caribbean,3156.0,,,,9.559995419737918,0.5250662721522913,0.9514689731129653,0.46789133982430464,0.49647880598829797,0.8079999999999999,-0.311521194011702,0.5021962992210967,0.4907613127554993,0.5079137924538952
FSM,"Micronesia, Federated States of",37.293342416924,62.706657583076,4.37,1.12,10.0,10.9,45.63,,,4166.00476748564,26.1,,67.198,12.88087559,40.06,16.2,5.53,46.02,29.72,1.83,Lower middle income,Oceania,East Asia and the Pacific,,,,,8.334712766199917,0.21545280390422172,0.9862862172772706,0.4670971013654428,0.34127495263483226,0.413,-0.07172504736516772,0.31611052288871017,0.3664393823809544,0.290946093142588
MDA,"Moldova, Republic of",52.3078506614329,47.6921493385671,1.33,0.1,11.78,9.73,48.54,,,7576.19589413326,0.1,1.505,71.198,6.7359705,25.9,24.04,9.98,36.08,21.67,0.9,Lower middle income,Europe,Europe and Central Asia,144.0,,,,8.932766491729783,0.22450462607886731,0.974436306492471,0.26896431076438415,0.24673446842162572,0.413,-0.16626553157837426,0.24228849995307405,0.25118043689017744,0.23784253148452233
MCO,Monaco,,,0.24,0.02,2.79,1.0,7.75,,,288001.433369041,,,86.372,3.11959291,,,,,,,,,,,,,,12.570720736081537,0.019576513042426528,1.1102230246251565e-16,0.12887218292261352,0.07422434798252002,0.413,-0.33877565201747994,0.06329478099450132,0.08515391497053872,0.05236521400648262
MNG,Mongolia,54.8485794048496,45.1514205951504,2.11,0.21,18.2,11.63,44.67,93.5,2021.0,6750.6301157724,0.4,5.233,72.1224390243902,6.07207489,32.35,20.45,8.03,40.57,25.62,1.25,Lower middle income,Asia,East Asia and the Pacific,,,,,8.81739112999449,0.23875037617997544,0.9773050257100291,0.3219590011265391,0.28035468865325724,0.935,-0.6546453113467428,0.2720338261586009,0.28867555114791366,0.26371296366394453
MNE,Montenegro,55.1439629361699,44.8560370638301,3.13,0.83,8.37,4.39,44.66,,,13263.3281277699,2.5,13.572,77.5878048780488,9.6549921,31.93,20.76,8.46,40.51,25.72,1.24,Upper middle income,Europe,Europe and Central Asia,,,,,9.492758222275022,0.18531593403122526,0.9546743614614892,0.3195944508385621,0.25245519243489367,0.413,-0.1605448075651063,0.23902734075416,0.26588304411562735,0.2255994890734263
MAR,Morocco,53.1212226891785,46.8787773108215,9.96,7.63,14.98,12.02,12.17,42.6,2023.0,4153.1943359375,3.7,9.0,75.313,6.06396198,39.55,17.45,6.7,47.0,31.89,1.83,Lower middle income,Africa,Middle East and North Africa,,,,,8.331633036645623,0.14043267807183565,0.9863307316359452,0.39844340077482987,0.2694380394233328,0.42600000000000005,-0.15656196057666727,0.24363696715303335,0.29523911169363215,0.21783589488273392
MOZ,Mozambique,38.5185299132892,61.4814700867108,34.61,18.1,65.78,64.15,68.65,6.0,2022.0,656.776824637306,81.4,6.628,63.611,8.50126553,43.9,15.71,5.67,50.35,36.03,2.29,Low income,Africa,Sub-Saharan Africa,,,,,6.487344272249701,0.7181237402957825,0.9984802663794856,0.6723663612631203,0.6952450507794514,0.06,0.6352450507794514,0.6998207886827177,0.6906693128761852,0.7043965265859838
MMR,Myanmar,36.8926098644018,63.1073901355982,36.16,22.43,52.14,58.83,64.54,6.3,2019.0,1359.05001560107,10.3,3.047,66.889,4.45748425,38.07,18.67,7.33,45.73,31.71,1.7,Lower middle income,Asia,East Asia and the Pacific,,,,,7.214541216712384,0.6571139562395301,0.9960399707038418,0.40653544445744355,0.5318247003484868,0.063,0.46882470034848683,0.5568825515266955,0.5067668491702781,0.581940402704904
NAM,Namibia,46.2852442535929,53.7147557464071,5.68,1.32,23.57,12.03,51.41,52.1,2022.0,4413.12752211572,22.9,19.291,67.385,9.48251629,56.0,8.1,2.6,65.9,50.2,6.2,Upper middle income,Africa,Sub-Saharan Africa,,,,,8.392338905773798,0.2869520595295386,0.985427502182865,0.7174932839781242,0.5022226717538314,0.521,-0.018777328246168623,0.4591685493089729,0.5452767941986899,0.41611442686411426
NRU,Nauru,53.4225171962699,46.5774828037301,1.0,0.11,9.01,2.89,29.47,,,13609.158837552,9.7,,62.109,18.21076012,,16.2,5.2,45.3,30.0,1.85,Upper middle income,Oceania,East Asia and the Pacific,,,,,9.51849828900018,0.1253328079672585,0.9534726507932691,0.3961021508713457,0.2607174794193021,0.413,-0.15228252058069786,0.2336405451288934,0.2877944137097108,0.20656361083848465
NPL,Nepal,43.6031770748274,56.3968229251726,2.57,0.25,27.73,13.01,50.73,21.0,2022.0,1447.31004458428,2.4,10.465,70.354,6.15843678,32.84,20.44,8.32,41.51,26.41,1.29,Low income,Asia,South Asia,,,,,7.277461970842152,0.2975872682039723,0.9957332801312394,0.33684116121494334,0.3172142147094578,0.21,0.10721421470945783,0.3132888254083607,0.3211396040105549,0.3093634361072636
NLD,Netherlands,65.8722724730304,34.12772752696959,4.32,2.2,5.6,3.28,33.07,100.0,2022.0,67520.4218956281,0.1,3.874,81.9146341463415,10.00551128,27.0,23.3,9.1,36.1,22.1,0.95,High income,Europe,Europe and Central Asia,,,,,11.120185377704525,0.1359407982544669,0.766138969539433,0.22528797191278757,0.18061438508362723,1.0,-0.8193856149163727,0.1716796677177952,0.1895491024494593,0.16274495035196307
NZL,New Zealand,69.2704861108011,30.7295138891989,14.04,17.99,6.62,6.09,32.7,100.0,2023.0,49205.1792146792,,5.076,83.0048780487805,10.06186676,34.1,19.2,7.32,42.23,26.3,1.37,High income,Oceania,East Asia and the Pacific,,,,,10.80375416553109,0.2078372250490154,0.8297817343320778,0.3067142343484136,0.2572757296987145,1.0,-0.7427242703012855,0.24738802876877466,0.26716343062865433,0.23750032783883485
NIC,Nicaragua,41.6942889884693,58.3057110115307,21.76,18.71,21.37,14.04,54.02,15.3,2021.0,2847.53966339498,6.6,5.04,74.947,8.29879284,46.16,14.31,5.14,52.06,37.21,2.6,Lower middle income,Americas,Latin America and the Caribbean,,,,,7.9542106244236175,0.36232792495014277,0.9908676888945829,0.47635417342136244,0.4193410491857526,0.153,0.26634104918575263,0.40793842433863065,0.43074367403287456,0.39653579949150863
NER,Niger,35.0891052312767,64.9108947687233,2.16,0.07,68.67,67.85,63.1,20.6,2015.0,735.270255787226,60.5,0.394,61.183,4.04895782,34.28,19.59,7.79,42.42,27.02,1.38,Low income,Africa,Sub-Saharan Africa,,,,,6.600238126578222,0.6495151034439102,0.9982075132927007,0.5196659817458131,0.5845905425948617,0.20600000000000002,0.37859054259486163,0.5975754547646713,0.571605630425052,0.610560366934481
NGA,Nigeria,38.5734109995968,61.4265890004032,9.17,1.32,57.49,66.17,68.06,14.8,2022.0,1084.16041805436,41.8,3.064,54.462,4.19086456,44.7,12.68,4.41,54.01,32.730000000000004,2.17,Lower middle income,Africa,Sub-Saharan Africa,996.0,,,,6.988561158185594,0.6288591255805518,0.9969951714787028,0.5561099065640601,0.592484516072306,0.14800000000000002,0.444484516072306,0.599759437973955,0.5852095941706568,0.6070343598756043
NOR,Norway,75.4583051443586,24.5416948556414,2.89,1.06,6.55,3.18,23.67,99.3,2023.0,86785.4334489176,0.2,4.637,83.1121951219512,9.42925453,24.8,24.3,9.2,34.300000000000004,20.5,0.84,High income,Europe,Europe and Central Asia,,,,,11.371194069156742,0.10056446351694373,0.6991958981113418,0.19166993384736464,0.14611719868215417,0.993,-0.8468828013178458,0.1370066516491121,0.15522774571519626,0.12789610461606998
OMN,Oman,54.1987809750079,45.8012190249921,7.53,6.68,14.18,4.81,8.94,,,20285.2272897377,,3.251,80.031,3.49047446,30.7,17.0,6.1000000000000005,45.2,,,High income,Asia,Middle East and North Africa,,,,,9.917648180396,0.10028354340602832,0.9302742983802812,0.32160624215125355,0.21094489277864092,0.413,-0.20205510722135905,0.1888126229041184,0.23307716265316347,0.16668035302959588
PAK,Pakistan,39.2143381457614,60.7856618542386,26.45,13.11,40.23,60.92,62.06,20.2,2022.0,1478.77277977996,16.5,5.42,67.649,2.51988316,33.45,21.08,8.86,42.79,28.9,1.37,Lower middle income,Asia,South Asia,,,,,7.298967819927933,0.5777479392368484,0.9956239517706671,0.38477866766122026,0.48126330344903434,0.20199999999999999,0.2792633034490344,0.5005602306065972,0.4619663762914715,0.51985715776416
PLW,Palau,46.6070117228557,53.3929882771443,2.21,0.36,7.3,10.17,33.34,,,15610.8231931032,,,69.269,10.85468197,43.0,10.0,3.0,56.0,38.0,3.8,High income,Oceania,East Asia and the Pacific,14800.0,,,,9.655719747103229,0.1567092773231758,0.9465171626245715,0.4806836932180838,0.31869648527062977,0.413,-0.09430351472937021,0.286299043681139,0.3510939268601206,0.2539016020916482
PAN,Panama,48.688522072953,51.311477927047,18.82,15.89,26.4,10.81,38.82,66.1,2022.0,19161.2188501596,3.1,8.36,79.594,8.33022976,49.8,11.2,3.3000000000000003,53.9,37.3,3.33,High income,Americas,Latin America and the Caribbean,,,,,9.860643663810505,0.3038948058884084,0.9341800617922739,0.5011308307245529,0.40251281830648067,0.6609999999999999,-0.25848718169351925,0.3827892158228662,0.42223642079009505,0.3630656133392517
PNG,Papua New Guinea,37.0950465041816,62.9049534958184,26.3,18.84,56.19,13.85,63.58,9.1,2022.0,3006.70564478923,52.2,2.571,66.134,2.87081432,41.85,15.06,5.07,47.34,31.0,2.06,Lower middle income,Oceania,East Asia and the Pacific,,,,,8.008600288203386,0.5158317881324278,0.9903146106038211,0.5639034618427367,0.5398676249875822,0.091,0.44886762498758226,0.5350604576165513,0.544674792358613,0.5302532902455204
PRY,Paraguay,49.4282815951706,50.5717184048294,1.68,0.14,12.71,12.56,51.9,36.1,2021.0,6416.09708970845,2.1,4.803,73.844,8.35731316,47.4,13.1,4.3,52.5,36.5,2.79,Upper middle income,Americas,Latin America and the Caribbean,,,,,8.766565281867711,0.24862818833068898,0.9784674785949862,0.4746018711872083,0.36161502975894866,0.36100000000000004,0.0006150297589486153,0.3390176614732967,0.38421239804460056,0.31642029318764475
PER,Peru,48.9695246535664,51.0304753464336,25.55,16.65,27.28,46.96,47.1,25.1,2021.0,8452.37167056621,5.1,5.117,77.74,5.63786411,43.9,14.2,4.7,49.1,32.7,2.3000000000000003,Upper middle income,Americas,Latin America and the Caribbean,,,,,9.042202352043386,0.4504396943927283,0.9713917250021838,0.44235107979701094,0.4463953870948696,0.251,0.1953953870948696,0.44720424855444135,0.4455865256352979,0.44801311001401306
PHL,Philippines,45.6051740422682,54.3948259577318,46.86,39.99,51.21,58.84,54.98,34.9,2022.0,3984.8315387656,5.3,2.235,69.833,5.10122538,44.35,14.97,5.69,50.88,34.81,2.33,Lower middle income,Asia,East Asia and the Pacific,,,,,8.290250316495268,0.6874690474804935,0.9869157675039869,0.4506159193739643,0.569042483427229,0.349,0.22004248342722899,0.5927277962378819,0.545357170616576,0.6164131090485347
POL,Poland,61.5406496530338,38.4593503469662,4.22,1.73,5.2,5.21,40.15,84.2,2023.0,25103.565661423,0.2,2.976,78.5073170731707,8.06380177,27.8,22.6,8.6,36.7,22.1,0.98,High income,Europe,Europe and Central Asia,1068.0,,,,10.130765173254584,0.1642018732820363,0.9135312837764116,0.26829535410751765,0.216248613694777,0.8420000000000001,-0.6257513863052231,0.20583926561222887,0.2266579617773251,0.1954299175296807
PRT,Portugal,62.77194932928,37.22805067072,5.32,3.07,8.09,6.93,14.04,100.0,2022.0,29292.242104753,0.4,6.164,82.2804878048781,10.24061108,32.1,20.5,7.7,40.2,25.2,1.23,High income,Europe,Europe and Central Asia,,,,,10.28507798536437,0.09036510170293666,0.8989762514288123,0.30014054084365005,0.19525282127329335,1.0,-0.8047471787267066,0.17427527735922202,0.2162303651873647,0.15329773344515069
QAT,Qatar,59.5874339653502,40.4125660346498,1.15,0.15,4.44,7.98,19.53,,,76688.6941743178,0.0,0.13,82.368,2.52358818,24.6,24.4,10.0,34.4,,,High income,Asia,Middle East and North Africa,,,,,11.24750957328727,0.08959339465210875,0.7342805767050038,0.22864255491391852,0.15911797478301365,0.413,-0.25388202521698633,0.14521305875683266,0.1730228908091946,0.13130814273065167
ROU,Romania,51.4451157086373,48.5548842913627,3.33,0.71,9.25,8.68,47.28,79.8,2022.0,20080.2096215595,0.7,5.992,76.6073170731707,5.70901489,35.1,17.6,5.6000000000000005,40.6,24.5,1.39,Upper middle income,Europe,Europe and Central Asia,348.0,,,,9.907490013071868,0.21045176716638334,0.9309867045144229,0.3328227030072814,0.27163723508683235,0.798,-0.5263627649131677,0.25940014150274254,0.28387432867092216,0.24716304791865273
RUS,Russian Federation,58.384897958142,41.615102041858,28.2,28.35,14.97,39.0,37.81,,,14889.0185546875,0.1,2.133,73.2546341463415,7.04438496,35.800000000000004,18.19,6.6,42.63,26.65,1.47,Upper middle income,Europe,Europe and Central Asia,2208.0,,,,9.608379210455828,0.3957435936832916,0.9490253271970625,0.3427458764690569,0.3692447350761743,0.413,-0.0437552649238257,0.3745445067975977,0.3639449633547508,0.37984427851902114
RWA,Rwanda,43.2704065084245,56.7295934915755,2.69,0.16,33.52,45.17,61.26,7.7,2023.0,999.65456165547,38.6,11.363,67.785,5.12708998,43.71,15.83,6.0200000000000005,50.82,35.63,2.25,Low income,Africa,Sub-Saharan Africa,,,,,6.907409780960038,0.4535299605306692,0.9972888168557301,0.5439884919037898,0.4987592262172295,0.077,0.4217592262172295,0.48971337307991747,0.5078050793545416,0.48066751994260537
KNA,Saint Kitts and Nevis,,,2.33,0.53,7.18,4.83,30.63,,,23960.6534357084,,,72.145,5.73595428,40.0,,,,,,High income,Americas,Latin America and the Caribbean,,,,,10.0841683237986,0.13082581538194615,0.9175027350548297,0.3733778903269829,0.2521018528544645,0.413,-0.16089814714553546,0.22784664535996085,0.2763570603489682,0.20359143786545714
LCA,Saint Lucia,53.7728189043003,46.2271810956997,2.45,0.46,9.19,5.16,46.48,,,14181.6303351598,0.1,9.452,72.697,4.7298274,51.23,11.08,3.13,55.39,38.62,3.49,Upper middle income,Americas,Latin America and the Caribbean,,,,,9.559702767747874,0.19561134131011065,0.9514833968419336,0.5111855067922375,0.35339842405117405,0.413,-0.059601575948825924,0.3218410075029614,0.38495584059938676,0.29028359095474865
VCT,Saint Vincent and the Grenadines,53.623026585639,46.376973414361,2.42,0.43,16.01,9.71,16.42,,,11501.2265187188,,18.003,71.23,4.43696308,40.0,,,,,,Upper middle income,Americas,Latin America and the Caribbean,,,,,9.350208962465864,0.12433321546380557,0.9607974044480957,0.3842015576752994,0.2542673865695525,0.413,-0.15873261343044748,0.2282805523484031,0.2802542207907019,0.20229371812725372
WSM,Samoa,45.8671719222988,54.1328280777012,2.94,0.81,9.74,2.54,48.87,,,5392.87761915762,4.5,4.996,71.698,6.78103304,38.73,17.89,6.84,46.35,31.28,1.75,Upper middle income,Oceania,East Asia and the Pacific,,,,,8.59283440254454,0.19944339787131385,0.9820230152171276,0.39182990049213173,0.2956366491817228,0.413,-0.1173633508182772,0.276397998919641,0.31487529944380455,0.2571593486575592
SMR,San Marino,,,0.36,0.03,2.83,1.31,20.47,,,59879.7173015651,,,85.706,6.60829115,27.7,,,,,,High income,Europe,Europe and Central Asia,,,,,11.000093117439674,0.06658239578895615,0.7926892901549412,0.2694794936410178,0.16803094471498697,0.413,-0.244969055285013,0.1477412349297808,0.18832065450019314,0.12745152514457464
STP,Sao Tome and Principe,41.3880591482388,58.6119408517612,0.67,0.02,16.85,12.74,51.52,,,3490.56883486557,13.0,9.132,69.718,5.77292156,30.82,21.12,8.38,39.49,24.18,1.14,Lower middle income,Africa,Sub-Saharan Africa,,,,,8.157819991847886,0.2615048820417613,0.9886332574416336,0.34850400418060967,0.30500444311118546,0.413,-0.10799555688881451,0.2963045308973007,0.31370435532507035,0.2876046186834158
SAU,Saudi Arabia,58.2281367154928,41.7718632845072,8.76,5.25,5.43,19.79,29.16,64.0,2022.0,35121.6628687742,,3.038,78.732,5.68722248,45.9,,,,,,High income,Asia,Middle East and North Africa,,,,,10.466573394827885,0.18363462224672866,0.878719874758037,0.39855215161212276,0.2910933869294257,0.64,-0.3489066130705743,0.2696016339928863,0.31258513986596514,0.24810988105634688
SEN,Senegal,40.8897643731681,59.1102356268319,5.49,1.05,30.6,13.0,59.16,19.9,2022.0,1773.21829923448,17.9,2.735,68.683,4.32314825,40.29,16.41,6.0600000000000005,46.93,31.05,1.89,Lower middle income,Africa,Sub-Saharan Africa,,,,,7.480551422710769,0.3408775841981878,0.9946007970538375,0.44877843507293785,0.39482800963556286,0.19899999999999998,0.19582800963556288,0.38403792454808783,0.4056180947230378,0.3732478394606128
SRB,Serbia,51.3693505765074,48.6306494234926,1.75,0.17,14.15,9.57,42.49,,,13679.2065983557,2.0,7.123,76.2209756097561,8.03133774,37.8,16.3,4.5,42.5,26.5,1.63,Upper middle income,Europe,Europe and Central Asia,,,,,9.523632192298418,0.21056977005042915,0.9532292451642671,0.3672555711386759,0.2889126705945525,0.413,-0.12408732940544748,0.27324409048572784,0.30458125070337716,0.2575755103769032
SYC,Seychelles,51.4748927576649,48.5251072423351,2.76,1.03,4.34,2.5,37.38,,,17858.8226383978,0.7,,74.9585365853659,4.48238087,46.82,15.21,5.43,53.03,39.88,2.62,High income,Africa,Sub-Saharan Africa,,,,,9.790252930555308,0.1402580526114702,0.9387056963806818,0.4506811989514754,0.2954696257814728,0.413,-0.11753037421852719,0.2644273111474723,0.3265119404154733,0.23338499651347175
SLE,Sierra Leone,34.9621372377926,65.0378627622074,5.32,1.09,18.99,13.61,67.72,4.4,2019.0,806.654650417726,41.5,3.15,61.786,4.71883011,34.03,19.83,7.9,42.42,26.91,1.36,Low income,Africa,Sub-Saharan Africa,,,,,6.692895634195301,0.33406533016945333,0.9979594630584518,0.4616818877032711,0.39787360893636226,0.044000000000000004,0.35387360893636227,0.3851119531829804,0.410635264689744,0.37235029742959863
SGP,Singapore,70.5715560176398,29.428443982360207,0.63,0.15,2.71,0.83,7.92,,,90674.066632628,,2.818,82.8951219512195,4.49163246,47.3,15.38,4.78,45.17,29.36,1.91,High income,Asia,East Asia and the Pacific,,,,,11.415026670551148,0.019898688938790418,0.68568347180136,0.3691894373314102,0.1945440631351003,0.413,-0.21845593686489967,0.15961498829583834,0.22947313797436225,0.12468591345657634
SVK,Slovakia,57.0135384196135,42.9864615803865,0.95,0.1,4.59,4.08,39.25,,,25992.6748502048,0.5,5.359,78.0170731707317,7.35262203,23.2,25.0,9.4,32.8,19.1,0.76,High income,Europe,Europe and Central Asia,1201.0,,,,10.165570040777842,0.1490969779260232,0.9104417605873207,0.23286948303215682,0.19098323047909,0.413,-0.22201676952090998,0.18260597996847666,0.19936048098970338,0.17422872945786327
SVN,Slovenia,63.9395760255655,36.0604239744345,1.96,0.31,7.44,7.19,35.63,,,34301.0318686594,0.0,3.175,81.9780487804878,9.87630939,23.4,25.0,9.9,33.4,19.6,0.78,High income,Europe,Europe and Central Asia,3512.0,,,,10.442930716335912,0.1561268772020336,0.8815714463496155,0.226127246732889,0.19112706196746132,0.413,-0.22187293803253866,0.18412702501437578,0.19812709892054683,0.1771269880612902
SLB,Solomon Islands,38.4917008530975,61.5082991469025,14.82,9.62,17.82,12.32,54.15,,,1933.55538435227,40.3,1.431,70.528,5.36366177,37.05,18.35,6.98,44.61,29.25,1.59,Lower middle income,Oceania,East Asia and the Pacific,,,,,7.5671157552465,0.31019158949720504,0.9940436493505038,0.48375997663861403,0.39697578306790954,0.413,-0.01602421693209044,0.37961894435376864,0.41433262178205044,0.36226210563962774
SOM,Somalia,37.5258665499648,62.4741334500352,25.09,8.55,67.49,82.11,72.02,0.0,2023.0,629.538899449007,,18.948,58.816,3.74413586,39.7,12.6,4.1,52.2,35.6,2.83,Low income,Africa,Sub-Saharan Africa,226.0,,,,6.444987645775389,0.754163877900812,0.9985749141489089,0.43739640594069684,0.5957801419207545,0.0,0.5957801419207545,0.6274568891167659,0.5641033947247429,0.6591336363127774
ZAF,South Africa,48.108901390221,51.891098609779,9.14,3.13,29.12,12.83,50.97,63.4,2022.0,6267.186814093,31.2,32.391,66.139,8.90966797,65.5,6.63,1.61,66.01,48.08,7.25,Upper middle income,Africa,Sub-Saharan Africa,,,,,8.743082858954319,0.31380671023846535,0.9789849198220173,0.8361881994748478,0.5749974548566565,0.634,-0.059002545143343466,0.5227593059330183,0.6272356037802947,0.47052115700938
ESP,Spain,61.0117091832812,38.9882908167188,9.64,7.77,6.97,7.38,33.35,78.1,2022.0,35326.7683069278,0.8,10.376,83.8829268292683,9.2206583,33.2,19.1,6.6000000000000005,39.7,24.2,1.27,High income,Europe,Europe and Central Asia,,,,,10.472396264528529,0.17576069621051996,0.8780071636361866,0.30408923455399905,0.2399249653822595,0.7809999999999999,-0.5410750346177404,0.2270921115479116,0.2527578192166074,0.2142592577135637
LKA,Sri Lanka,45.4788298241834,54.5211701758166,5.92,1.6,18.92,12.1,45.75,41.3,2021.0,4515.56787322732,2.7,4.005,77.483,3.68313766,39.81,17.69,7.0,47.55,32.86,1.86,Upper middle income,Asia,South Asia,,,,,8.415286232743277,0.2519299895180714,0.9850715370840322,0.3978725008186068,0.32490124516833907,0.413,-0.08809875483166091,0.31030699403828554,0.33949549629839265,0.295712742908232
SDN,Sudan,31.3320132805069,68.6679867194931,10.27,1.65,60.01,63.64,68.36,10.4,2021.0,984.607666015625,10.1,7.53,66.331,2.85165739,35.4,18.47,6.82,42.38,26.69,1.45,Lower middle income,Africa,Sub-Saharan Africa,,,,,6.892243253212564,0.6320890876982903,0.9973411025969976,0.38101035234765296,0.5065497200229716,0.10400000000000001,0.4025497200229716,0.5316575935580354,0.4814418464879079,0.556765467093099
SUR,Suriname,46.4406499226126,53.5593500773874,6.72,1.78,26.95,11.29,53.62,,,6961.78955961526,2.2,7.834,73.631,5.40666008,38.1,7.32,1.01,60.23,42.72,5.84,Upper middle income,Americas,Latin America and the Caribbean,,,,,8.848191840912996,0.3059989928225672,0.9765712778120438,0.535161979787546,0.4205804863050566,0.413,0.007580486305056644,0.3976641876085587,0.4434967850015544,0.3747478889120608
SWZ,Swaziland,42.9219750911959,57.0780249088041,1.97,0.14,30.2,13.36,52.44,,,3909.55892378182,44.5,34.202,64.123,7.49763966,51.45,11.54,4.0,56.73,39.98,3.46,Lower middle income,Africa,Sub-Saharan Africa,,,,,8.271179839399274,0.31284984429147006,0.987177328730021,0.6504000947824202,0.4816249695369451,0.413,0.06862496953694514,0.4478699444878501,0.5153799945860401,0.4141149194387551
SWE,Sweden,69.8248248142432,30.1751751857568,2.72,1.05,3.8,5.55,16.65,100.0,2022.0,57117.4877440616,0.8,8.694,83.309756097561,11.21510124,27.0,22.8,8.6,35.5,21.3,0.93,High income,Europe,Europe and Central Asia,,,,,10.952865613974476,0.0730577630123141,0.80228763013295,0.23561799436921288,0.15433787869076349,1.0,-0.8456621213092366,0.13808185555507363,0.17059390182645334,0.12182583241938372
CHE,Switzerland,72.0035803135863,27.996419686413702,1.02,0.16,4.31,2.67,23.84,100.0,2021.0,103998.186685604,0.2,4.873,84.0560975609756,11.69096088,30.1,21.9,8.4,38.7,24.4,1.11,High income,Europe,Europe and Central Asia,,,,,11.55212874225616,0.08846915631388483,0.6393841213983993,0.2182836588469434,0.1533764075804141,1.0,-0.846623592419586,0.14039495732710827,0.16635785783371998,0.1274135070738024
SYR,Syrian Arab Republic,36.8859690122157,63.1140309877843,12.24,2.53,48.72,71.32,59.7,,,1051.67149587463,16.5,13.569,72.12,2.70998812,34.2,21.7,8.899999999999999,40.3,25.7,1.18,Low income,Asia,Middle East and North Africa,,,,,6.95813607825352,0.5891666412352264,0.9971080656875686,0.38237442951037,0.48577053537279824,0.413,0.07277053537279826,0.5064497565452839,0.4650913142003126,0.5271289777177695
TJK,Tajikistan,48.7644779442997,51.2355220557003,2.47,0.23,34.53,11.61,46.6,29.8,2021.0,1341.20229027672,6.1,6.931,71.79,7.43789911,34.0,19.48,7.44,41.72,26.39,1.35,Low income,Asia,Europe and Central Asia,,,,,7.201321722223124,0.30158382367282555,0.9961019889148307,0.35690938611593537,0.32924660489438046,0.298,0.03124660489438047,0.3237140486500695,0.33477916113869144,0.3181814924057585
TZA,"Tanzania, United Republic of",39.8080008808834,60.1919991191166,16.08,5.49,33.66,55.22,56.18,,,1186.71691894531,51.3,1.572,66.995,3.05201221,37.78,18.51,7.37,45.83,30.95,1.67,Low income,Africa,Sub-Saharan Africa,,,,,7.078945881707162,0.4871047628178934,0.9966388027765316,0.5239972430848905,0.5055510029513919,0.413,0.0925510029513919,0.5018617549246922,0.5092402509780917,0.4981725068979925
THA,Thailand,52.7003738303207,47.2996261696793,21.09,14.32,16.01,48.79,38.38,70.1,2020.0,7346.62022142185,0.0,0.781,76.412,4.53787661,36.53,14.18,5.03,51.120000000000005,35.29,2.49,Upper middle income,Asia,East Asia and the Pacific,,,,,8.901995652630733,0.3770224630920736,0.9752340480673443,0.39201438666751753,0.3845184248797956,0.701,-0.31648157512020436,0.3830192325222512,0.38601761723733996,0.38152004016470675
TLS,Timor-Leste,42.3103688053554,57.6896311946446,7.79,2.93,13.36,12.6,52.77,23.6,2023.0,1331.9705130185,43.9,1.592,67.689,9.59779453,28.65,22.86,9.43,38.41,23.99,1.05,Lower middle income,Asia,East Asia and the Pacific,,,,,7.194414713481801,0.26491429913205805,0.996134067978095,0.42470260348907807,0.34480845131056803,0.23600000000000002,0.10880845131056802,0.32882962087486606,0.36078728174627006,0.31285079043916403
TGO,Togo,42.6786387181448,57.3213612818552,1.45,0.07,32.98,13.57,61.05,38.7,2022.0,1119.38160509429,34.4,1.995,62.739,6.10829544,43.06,14.58,5.04,48.59,31.56,2.16,Low income,Africa,Sub-Saharan Africa,,,,,7.020531673495984,0.3537869946900467,0.996872783052759,0.5243191159547818,0.43905305532241423,0.387,0.05205305532241422,0.42199984319594075,0.4561062674488877,0.4049466310694672
TON,Tonga,42.3478084752413,57.6521915247587,3.77,1.33,9.56,11.41,11.13,,,5651.59373063157,0.4,2.008,72.895,7.36037779,37.59,18.21,6.84,45.36,29.74,1.63,Upper middle income,Oceania,East Asia and the Pacific,,,,,8.639692860582446,0.0918820806583075,0.9811240149189917,0.3682987970553613,0.2300904388568344,0.413,-0.1829095611431656,0.202448767217129,0.25773211049653977,0.17480709557742363
TTO,Trinidad and Tobago,48.3561532326569,51.6438467673431,2.98,0.49,12.41,11.31,42.11,57.2,2022.0,18733.4110406494,3.2,3.329,73.49,7.52568626,40.27,15.85,5.51,45.9,29.89,1.89,High income,Americas,Latin America and the Caribbean,,,,,9.83806389528244,0.20981609145144553,0.9356666307813616,0.3908434545562048,0.30032977300382513,0.5720000000000001,-0.27167022699617493,0.28222703669334925,0.3184325093143011,0.26412430038287327
TUN,Tunisia,52.4365326205932,47.5634673794068,9.47,2.88,17.12,44.18,39.97,53.8,2021.0,4181.13789301228,0.7,15.108,76.508,7.98537874,32.82,20.14,7.8,40.9,25.57,1.27,Lower middle income,Africa,Middle East and North Africa,160.0,,,,8.338338711681466,0.3281409262845226,0.9862336318998751,0.3286069055001215,0.32837391589232207,0.538,-0.20962608410767797,0.3283273179707622,0.32842051381388193,0.3282807200492023
TUR,Turkey,55.2981786793522,44.7018213206478,16.17,8.9,12.63,48.58,41.34,,,15892.7157287241,0.5,8.52,77.156,4.27524424,40.8,16.7,6.1000000000000005,47.6,34.4,2.18,Upper middle income,Asia,Europe and Central Asia,,,,,9.673616152965664,0.3545098418134064,0.9455376276736104,0.3995318615745547,0.3770208516939806,0.413,-0.03597914830601939,0.37251864971786575,0.3815230536700954,0.36801644774175085
TKM,Turkmenistan,43.391087085209,56.608912914791,1.33,0.17,9.07,3.04,41.72,,,6856.65802730208,35.1,4.267,70.073,5.49789095,26.5,16.29,6.140000000000001,47.47,31.73,1.95,Upper middle income,Asia,Europe and Central Asia,408.0,,,,8.832975433983265,0.17041532985071367,0.9769365943683053,0.4155476949226316,0.29298151238667264,0.413,-0.12001848761332734,0.26846827587948086,0.3174947488938644,0.24395503937228902
TUV,Tuvalu,52.7207887263845,47.2792112736155,1.42,0.15,7.69,11.02,29.2,4.5,2019.0,6344.7750188689,9.0,,67.105,27.08968544,39.14,17.39,6.59,46.38,30.72,1.77,Upper middle income,Oceania,East Asia and the Pacific,,,,,8.755386921500751,0.14490079648604626,0.9787153122632611,0.40737361354754276,0.2761372050167945,0.045,0.23113720501679452,0.24988992331064486,0.30238448672294416,0.2236426416044952
UGA,Uganda,37.3901895666133,62.6098104333867,2.8,0.23,50.05,13.77,57.99,3.1,2022.0,1077.91278452817,59.8,2.746,68.252,4.23600149,42.75,15.98,6.15,49.81,34.21,2.14,Low income,Africa,Sub-Saharan Africa,,,,,6.982781843305585,0.40236862426439335,0.9970168810829895,0.5962074056729625,0.4992880149686779,0.031000000000000003,0.4682880149686779,0.47990413682782096,0.5186718931095349,0.460520258686964
UKR,Ukraine,52.4469037554889,47.5530962445111,4.02,0.48,18.78,42.11,48.11,73.0,2019.0,5389.47314453125,0.0,9.834,73.422,8.2027483,25.0,24.47,10.07,35.14,21.2,0.87,Lower middle income,Europe,Europe and Central Asia,288.0,,,,8.592202912285297,0.3475471014590982,0.9820348452639178,0.2641136252732971,0.3058303633661976,0.73,-0.42416963663380236,0.31417371098477775,0.29748701574761754,0.32251705860335783
ARE,United Arab Emirates,60.2123677346681,39.7876322653319,4.97,3.77,4.09,2.23,30.91,,,50273.5060469837,0.0,2.174,82.909,4.97095108,38.3,,,,,,High income,Asia,Middle East and North Africa,,,,,10.825233498574942,0.12584740028990696,0.8260694562861663,0.33255904194868907,0.22920322111929803,0.413,-0.18379677888070195,0.2085320569534198,0.24987438528517622,0.1878608927875416
GBR,United Kingdom,69.6633498227979,30.336650177202102,5.66,2.58,6.76,7.59,37.4,,,53246.3676145108,0.5,4.746,81.2380975609756,11.133358,34.07,20.1,7.6,40.9,25.9,1.29,High income,Europe,Europe and Central Asia,,,,,10.882684867433,0.17019943891089667,0.8157392011648392,0.29354356354230304,0.23187150122659986,0.413,-0.18112849877340012,0.21953708876345923,0.24420591368974048,0.20720267630031858
USA,United States,66.7646656881949,33.235334311805104,22.47,39.59,11.16,5.71,32.54,,,84534.0407841548,1.2,4.198,78.3853658536585,16.69414902,46.42,12.62,3.54,50.35,28.54,1.76,High income,Americas,North America,44211.0,,,,11.34490958173981,0.30525514625920946,0.7070191552920083,0.35923572398231285,0.33224543512076116,0.413,-0.08075456487923882,0.3268473773484508,0.3376434928930715,0.3214493195761405
URY,Uruguay,56.6101917875127,43.3898082124873,4.8,1.54,9.61,8.33,41.86,95.0,2021.0,23906.5133029408,0.2,7.516,78.138,9.01887608,39.4,16.6,6.1000000000000005,45.8,29.6,1.78,High income,Americas,Latin America and the Caribbean,,,,,10.081906223927517,0.1942748027641101,0.9176908640245406,0.3682421824483555,0.2812584926062328,0.9500000000000001,-0.6687415073937673,0.26386175463780825,0.2986552305746573,0.2464650166693837
UZB,Uzbekistan,53.453047141133,46.546952858867,1.52,0.18,10.26,10.92,18.86,56.0,2022.0,3161.70010632875,2.7,4.622,72.388,6.74312878,39.7,19.44,7.42,43.39,28.33,1.46,Lower middle income,Asia,Europe and Central Asia,132.0,,,,8.058865170238246,0.11620497878896377,0.9897760277287941,0.3832239984479595,0.24971448861846163,0.56,-0.3102855113815384,0.22301258665256207,0.2764163905843612,0.19631068468666246
VUT,Vanuatu,40.4779095188887,59.5220904811113,10.9,5.8,13.77,12.06,51.81,57.4,2019.0,3410.77023167097,19.5,5.073,71.477,4.1186676,37.63,17.88,6.74,44.81,29.4,1.64,Lower middle income,Oceania,East Asia and the Pacific,,,,,8.134693419162097,0.27231194109694334,0.9889105458086164,0.4268400970749,0.3495760190859217,0.574,-0.22442398091407828,0.334123203488126,0.36502883468371733,0.3186703878903303
VEN,"Venezuela, Bolivarian Republic o",40.9286455193994,59.0713544806006,23.47,19.52,25.04,14.6,61.45,,,4217.59102643391,9.7,5.307,72.514,3.77611423,37.8,17.3,6.2,44.1,28.3,1.64,Upper middle income,Americas,Latin America and the Caribbean,,,,,8.347019397218371,0.4065322235517989,0.9861069626421032,0.3984217723230451,0.402476997937422,0.413,-0.010523002062578002,0.4032880430602974,0.40166595281454665,0.40409908818317275
VNM,Viet Nam,48.0753386042774,51.9246613957226,24.39,26.73,21.55,12.5,40.9,38.3,2022.0,4717.29028732449,1.6,1.523,74.588,4.56109476,42.4,14.65,4.81,48.09,27.12,1.44,Lower middle income,Asia,East Asia and the Pacific,,,,,8.458989822057342,0.341954576529528,0.9843705814714078,0.393847442758669,0.3679010096440985,0.383,-0.01509899035590151,0.3627117230211844,0.3730902962670126,0.35752243639827025
YEM,Yemen,35.3974998088243,64.6025001911757,24.39,9.12,60.26,69.29,66.5,7.0,2022.0,633.887202451545,33.3,17.322,69.295,9.69559193,36.71,18.76,7.29,44.7,29.43,1.57,Low income,Asia,Middle East and North Africa,,,,,6.45187102449435,0.672463116681151,0.9985598044378307,0.46160500730951937,0.5670340619953351,0.07,0.4970340619953351,0.5881198729324983,0.545948251058172,0.6092056838696615
ZMB,Zambia,42.5396759277341,57.4603240722659,2.94,0.28,34.17,13.91,61.36,30.3,2021.0,1187.10943350064,71.7,5.918,66.349,5.97841072,57.14,8.88,2.88,61.27,44.38,5.0,Lower middle income,Africa,Sub-Saharan Africa,,,,,7.079276583705228,0.3608299662192134,0.9966374388463911,0.8245344553026975,0.5926822107609555,0.303,0.2896822107609555,0.5463117618526071,0.6390526596693039,0.49994131294425864
ZWE,Zimbabwe,36.1211205130407,63.8788794869593,2.52,0.2,31.54,14.88,68.08,16.4,2021.0,2497.20332208763,49.2,9.293,62.775,2.92601609,43.15,15.32,5.82,49.66,33.83,2.21,Lower middle income,Africa,Sub-Saharan Africa,1370.0,,,,7.822926713511721,0.3787344782796184,0.9920850559672743,0.5689272313051539,0.4738308547923862,0.16399999999999998,0.3098308547923862,0.45481157948983264,0.49285013009493966,0.435792304187279
